<beans xmlns="http://www.springframework.org/schema/beans"
    xmlns:context="http://www.springframework.org/schema/context"
    xmlns:mvc="http://www.springframework.org/schema/mvc"
    xmlns:xsi="http://www.w3.org/2001/XMLSchema-instance"
    xsi:schemaLocation="http://www.springframework.org/schema/beans http://www.springframework.org/schema/beans/spring-beans-4.0.xsd
    http://www.springframework.org/schema/mvc http://www.springframework.org/schema/mvc/spring-mvc-4.0.xsd
    http://www.springframework.org/schema/context http://www.springframework.org/schema/context/spring-context-4.0.xsd">

    <context:component-scan base-package="com.infy" />

    <mvc:annotation-driven />
    
    <bean
        class="org.springframework.web.servlet.view.InternalResourceViewResolver">
        <property name="prefix">
            <value>/WEB-INF/views/</value>
        </property>
        <property name="suffix">
            <value>.jsp</value>
        </property>
    </bean>
    
   
   <!-- Spring Bean classes -->
   
   <bean id="EmployeeService" class="com.infy.BO.EmployeeServiceImpl" >
   		<property name="employeeDAOImpl" ref="EmployeeDao" />
   </bean>


   <bean id="EmployeeDao" class="com.infy.BO.EmployeeDAOImpl" >
   		<property name="sessionFactory" ref="sessionFactory"></property>
   </bean>
    
 
 <!-- Hibernate session factory -->
 
<bean id="sessionFactory"
     class="org.springframework.orm.hibernate3.LocalSessionFactoryBean">

    <property name="dataSource">
      <ref bean="dataSource"/>
    </property>

    <property name="hibernateProperties">
       <props>
         <prop key="hibernate.dialect">org.hibernate.dialect.MySQLDialect</prop>
         <prop key="hibernate.show_sql">true</prop>
       </props>
     </property>

  <!--    <property name="mappingResources">
	<list>
           <value>Employee.hbm.xml</value>
	</list>
      </property> -->
      
       <property name="annotatedClasses">
	<list>
		<value>com.infy.Model.Employee</value>
	</list>
    </property>
  </bean>
   
<!--    Database configuration  -->
    <bean
class="org.springframework.beans.factory.config.PropertyPlaceholderConfigurer">
	<property name="location">
		<value>Database.properties</value>
	</property>
</bean>

<bean id="dataSource"
         class="org.springframework.jdbc.datasource.DriverManagerDataSource">
	<property name="driverClassName" value="${jdbc.driverClassName}" />
	<property name="url" value="${jdbc.url}" />
	<property name="username" value="${jdbc.username}" />
	<property name="password" value="${jdbc.password}" />
</bean>
  <context:component-scan
		base-package="com.infy" />  
    
    
</beans>